"fichier","ancien","titre"
"cwb-rec-01.jpg","photo_2026-07-22_09-43-24.jpg",""
"cwb-rec-02.jpg","photo_2026-07-22_09-43-36.jpg",""
"cwb-rec-03.jpg","photo_2026-07-22_09-50-28.jpg",""
"cwb-rec-04.jpg","photo_2026-07-22_09-50-44.jpg",""
"cwb-rec-05.jpg","photo_2026-07-22_09-52-02.jpg",""
"cwb-rec-06.jpg","photo_2026-07-22_09-52-37.jpg",""
"cwb-rec-07.jpg","photo_2026-07-22_09-52-48.jpg",""
"cwb-rec-08.jpg","photo_2026-07-22_09-53-09.jpg",""
"cwb-rec-09.jpg","photo_2026-07-22_09-53-32.jpg",""
"cwb-rec-10.jpg","photo_2026-07-22_09-53-52.jpg",""
"cwb-rec-11.jpg","photo_2026-07-22_09-56-52.jpg",""
"cwb-rec-12.jpg","photo_2026-07-22_09-57-00.jpg",""
"cwb-rec-13.jpg","photo_2026-07-22_09-57-30.jpg",""
"cwb-rec-14.jpg","photo_2026-07-22_09-57-52.jpg",""
"cwb-rec-15.jpg","photo_2026-07-22_09-58-15.jpg",""
"cwb-rec-16.jpg","photo_2026-07-22_09-58-57.jpg",""
